음식이름,주재료
금연,복숭아
금연,무
금연,된장
금연,파래
금연,녹차
금연,홍삼
금연,고등어
금연,꽁치
금연,검은콩
다이어트,사과
다이어트,바나나
다이어트,샐러리
다이어트,조개
다이어트,아보카도
다이어트,체리
다이어트,토마토
다이어트,콩
다이어트,수프
다이어트,피클
다이어트,계란
피부 미용,간
피부 미용,장어
피부 미용,당근
피부 미용,시금치
피부 미용,호박
피부 미용,돼지고기
피부 미용,우엉
피부 미용,콩
피부 미용,양배추
피부 미용,땅콩
피부 미용,치즈
피부 미용,딸기
피부 미용,귤
피부 미용,키위
피부 미용,녹차
피부 미용,장어
피부 미용,명란젓
피부 미용,아보카도
피부 미용,키위
피부 미용,단호박
피부 미용,아몬드
피부 미용,호두
피부 미용,참깨
뇌 건강,호두
뇌 건강,아몬드
뇌 건강,땅콩
뇌 건강,고기
뇌 건강,닭가슴살
뇌 건강,고등어
뇌 건강,꽁치
뇌 건강,귀리
뇌 건강,바나나
뇌 건강,브로콜리
뇌 건강,초콜렛
뇌 건강,카레
뇌 건강,샐러리
뇌 건강,브로콜리
뇌 건강,컬리플라워
눈 건강,블루베리
눈 건강,계란
눈 건강,김
눈 건강,시금치
눈 건강,쑥갓
눈 건강,브로콜리
눈 건강,상추
눈 건강,근대
